OrderID,OrderDate,CustomerID,ProductID,StoreID,SalesChannel,Quantity,UnitPrice,DiscountPercent
100000,2/17/2025,62,40,3,Store,1,5997,0.21
100001,3/6/2026,24,14,11,Online,4,6809,0.2
100002,10/23/2023,117,28,8,Online,2,627,0.19
100003,11/20/2023,69,23,11,Store,3,2294,0.24
100004,9/19/2024,114,17,8,Online,4,2214,0.11
100005,4/19/2025,118,4,2,Store,2,618,0.28
100006,9/16/2024,93,32,1,Online,1,6093,0.24
100007,2/23/2025,57,37,5,Online,2,3869,0.01
100008,8/5/2024,37,35,1,Online,3,6171,0.12
100009,2/14/2025,51,33,11,Store,3,1570,0.19
100010,11/6/2025,7,32,1,Store,5,7436,0.29
100011,2/3/2025,85,35,11,Online,3,4253,0.28
100012,10/23/2025,10,7,12,Online,2,3325,0.21
100013,8/20/2025,59,34,6,Store,5,1942,0.02
100014,11/19/2025,6,5,3,Online,5,4030,0.12
100015,11/30/2023,37,18,8,Online,2,1670,0.12
100016,7/11/2023,17,38,2,Store,1,4877,0.06
100017,3/3/2025,64,22,4,Online,4,2694,0.09
100018,2/5/2026,48,18,10,Online,4,2547,0.12
100019,8/28/2023,24,15,3,Store,3,5038,0.23
100020,8/7/2023,95,4,2,Store,3,673,0.18
100021,12/20/2024,12,13,7,Store,5,1120,0.23
100022,10/6/2024,6,33,6,Online,3,4926,0.02
100023,5/30/2023,108,7,2,Online,2,1870,0.07
100024,10/29/2024,26,4,3,Store,1,1271,0.22
100025,2/16/2024,74,28,7,Store,4,7039,0.18
100026,3/27/2023,4,15,2,Store,1,6080,0.15
100027,3/4/2025,111,32,5,Store,5,2721,0.13
100028,5/27/2025,72,6,2,Online,2,4886,0.26
100029,8/21/2025,43,34,12,Online,1,7064,0.07
100030,1/6/2023,15,16,8,Store,4,699,0.21
100031,6/15/2025,62,26,8,Online,5,3091,0.11
100032,10/1/2023,8,19,2,Online,1,4531,0.09
100033,5/2/2024,6,4,2,Online,5,7070,0.15
100034,12/7/2024,38,10,4,Store,5,2568,0.2
100035,9/6/2025,1,19,10,Store,5,7223,0.01
100036,9/9/2025,33,24,12,Store,5,4942,0.02
100037,4/24/2025,11,40,9,Online,5,3616,0.19
100038,12/12/2025,14,1,10,Store,1,5954,0.19
100039,4/21/2024,108,32,6,Store,5,1511,0.16
100040,9/9/2023,116,10,12,Online,2,6780,0.29
100041,3/10/2024,43,8,1,Online,3,4098,0.19
100042,1/15/2025,112,5,12,Store,3,5519,0.26
100043,10/19/2023,93,14,4,Store,1,6129,0.19
100044,9/18/2024,49,29,3,Store,2,5599,0.1
100045,4/8/2026,117,30,3,Online,4,2991,0.26
100046,12/25/2024,43,39,2,Online,3,3227,0.18
100047,2/6/2025,3,39,6,Store,2,6128,0.05
100048,8/14/2024,97,13,5,Online,4,3906,0.11
100049,10/24/2023,13,9,4,Online,2,2879,0.04
100050,6/4/2024,7,23,10,Store,2,4448,0.07
100051,3/7/2023,54,7,8,Store,1,3757,0.12
100052,6/16/2024,34,28,12,Online,5,6536,0.18
100053,9/16/2023,71,13,6,Store,4,6993,0.17
100054,11/17/2024,112,4,5,Store,3,5239,0.28
100055,5/6/2024,48,23,11,Store,3,3150,0.27
100056,3/19/2023,117,17,4,Online,1,1626,0.04
100057,2/15/2025,104,15,7,Online,1,1745,0.02
100058,3/9/2026,116,30,2,Store,2,3083,0.14
100059,3/6/2023,15,18,5,Store,2,6473,0.26
100060,1/11/2023,80,33,11,Online,4,1353,0.18
100061,5/23/2025,37,31,8,Online,2,4287,0.27
100062,9/24/2024,55,1,12,Store,2,3506,0.14
100063,5/31/2025,25,24,8,Online,5,7057,0.12
100064,2/22/2024,78,17,5,Store,1,1744,0.09
100065,2/1/2023,71,36,4,Online,4,1176,0.08
100066,6/26/2025,41,6,11,Online,2,4055,0.26
100067,11/21/2025,18,8,12,Store,5,6025,0.16
100068,9/23/2025,46,26,1,Store,4,4938,0.13
100069,3/12/2025,20,30,9,Online,1,1192,0.19
100070,9/23/2023,90,12,1,Online,3,6837,0.09
100071,1/3/2025,56,39,3,Store,2,4264,0.07
100072,4/26/2025,99,21,9,Store,4,5708,0.06
100073,3/8/2023,75,15,8,Store,4,1348,0.29
100074,7/23/2023,94,28,4,Online,1,6806,0.23
100075,2/19/2026,31,17,4,Store,5,4981,0.23
100076,4/27/2024,73,25,12,Store,5,5761,0.29
100077,12/4/2024,87,24,9,Store,4,3563,0.06
100078,1/10/2026,83,11,12,Online,4,4149,0.07
100079,5/14/2023,26,24,9,Online,1,4306,0.06
100080,3/19/2024,50,3,4,Store,4,4798,0.26
100081,2/20/2023,112,25,7,Online,3,1502,0.05
100082,3/12/2026,84,21,2,Store,2,4720,0.29
100083,2/18/2026,49,10,5,Online,5,6438,0.02
100084,5/30/2025,118,35,7,Online,1,2322,0.26
100085,2/12/2025,65,10,4,Store,5,3744,0.26
100086,5/31/2025,37,13,3,Store,2,5659,0.28
100087,5/5/2023,47,25,3,Store,2,1790,0.22
100088,5/5/2023,107,1,3,Online,4,7449,0.28
100089,1/23/2023,96,3,11,Online,3,4680,0.19
100090,1/24/2024,6,11,2,Store,2,1618,0.17
100091,7/17/2024,48,6,4,Online,5,1879,0.11
100092,6/25/2025,1,18,10,Online,1,1152,0.13
100093,11/6/2025,88,15,3,Online,5,6746,0.15
100094,4/25/2024,58,3,9,Online,5,3297,0.27
100095,9/19/2024,58,30,1,Store,3,2574,0.29
100096,10/21/2024,60,5,6,Store,2,661,0.13
100097,2/25/2025,41,25,1,Store,3,1397,0.02
100098,7/29/2025,10,16,4,Store,4,2465,0.04
100099,12/23/2024,4,16,8,Online,2,6028,0.29
100100,10/21/2025,59,32,12,Store,3,2062,0.08
100101,10/14/2025,112,5,7,Online,1,2314,0.01
100102,12/5/2025,39,35,10,Online,1,4522,0.12
100103,10/5/2023,101,25,4,Store,1,7198,0.01
100104,2/23/2025,8,24,6,Online,1,5086,0.07
100105,6/24/2023,5,38,2,Online,4,4662,0.29
100106,4/11/2024,54,1,2,Online,1,744,0.01
100107,10/4/2025,42,14,1,Store,2,3375,0.11
100108,10/10/2025,68,36,6,Online,3,4135,0.06
100109,8/24/2024,111,31,10,Online,2,1340,0.23
100110,8/23/2024,51,36,2,Store,5,5162,0.29
100111,7/5/2024,23,8,11,Online,4,687,0.1
100112,9/1/2025,119,38,10,Store,3,4108,0.13
100113,11/29/2025,35,7,4,Store,1,5705,0.23
100114,3/11/2024,7,35,2,Store,5,1392,0.25
100115,1/23/2025,2,12,8,Store,1,2300,0.24
100116,2/9/2025,79,31,12,Online,2,5408,0.14
100117,5/17/2024,68,35,6,Online,5,4373,0.01
100118,7/29/2023,117,37,5,Store,5,1176,0.18
100119,11/27/2024,23,12,4,Online,5,6824,0.14
100120,10/3/2024,76,29,3,Store,1,5725,0.04
100121,5/9/2024,25,38,1,Online,4,1702,0.25
100122,8/31/2023,22,10,6,Online,4,1609,0.3
100123,11/20/2025,94,8,6,Online,1,4446,0.23
100124,11/26/2023,115,4,9,Store,4,1896,0.19
100125,1/22/2025,24,31,7,Store,5,2950,0.25
100126,4/16/2025,74,29,9,Store,3,7027,0.24
100127,10/29/2023,111,1,8,Online,1,3348,0.1
100128,9/4/2024,66,31,3,Online,5,3718,0.21
100129,3/22/2023,8,27,1,Store,3,1721,0.03
100130,12/29/2025,33,36,2,Store,4,3390,0.12
100131,11/10/2024,52,35,4,Online,4,4396,0.24
100132,8/7/2023,40,25,2,Store,5,7303,0.01
100133,12/19/2023,3,26,12,Online,4,614,0.13
100134,3/26/2025,15,19,10,Online,1,2080,0.11
100135,6/26/2025,107,36,5,Online,3,3530,0.17
100136,5/15/2025,118,32,7,Store,1,4182,0.03
100137,3/16/2025,9,40,11,Store,1,5895,0.24
100138,11/7/2023,57,11,1,Online,3,6567,0.12
100139,7/11/2025,10,22,11,Store,4,6607,0.23
100140,9/7/2025,84,5,5,Online,5,3425,0.13
100141,2/19/2026,65,32,12,Online,5,680,0.24
100142,4/30/2025,84,20,2,Store,2,4582,0.16
100143,4/23/2023,19,6,7,Online,3,5961,
100144,10/3/2024,16,38,12,Online,4,647,0.21
100145,4/22/2025,75,36,9,Store,2,2672,0.24
100146,10/20/2025,11,31,12,Store,3,1045,0.17
100147,7/22/2023,69,21,3,Store,1,4917,0.11
100148,7/14/2024,90,36,4,Store,5,2019,0.12
100149,10/23/2025,103,16,7,Store,1,4988,0.09
100150,9/26/2025,71,33,12,Store,1,925,0.1
100151,6/9/2023,9,7,9,Store,5,5441,0.1
100152,3/9/2024,8,34,10,Online,1,4462,0.26
100153,11/16/2024,15,15,6,Store,3,601,0.18
100154,1/31/2025,90,30,1,Online,4,7480,0.17
100155,6/21/2025,97,34,7,Online,5,3094,0.05
100156,10/24/2024,37,4,3,Online,5,1000,0.04
100157,7/2/2025,5,26,2,Store,1,2094,0.25
100158,6/27/2024,77,34,10,Online,1,6855,0.12
100159,10/18/2025,62,11,3,Store,4,5285,0.29
100160,11/11/2023,20,5,3,Online,3,5164,0.03
100161,2/27/2024,86,36,7,Store,1,4530,0.14
100162,4/16/2026,45,11,11,Online,5,3421,0.23
100163,1/20/2025,113,38,12,Store,3,5629,0.1
100164,1/20/2024,100,8,7,Online,4,1552,0.18
100165,3/10/2025,86,20,8,Online,5,4927,0.17
100166,3/2/2025,52,2,11,Online,4,4909,0.1
100167,10/28/2025,21,4,2,Store,5,3803,0.27
100168,3/28/2026,106,5,9,Online,1,1569,0.09
100169,4/28/2024,70,33,5,Store,4,2482,0.28
100170,9/8/2023,110,22,10,Store,3,2980,0.24
100171,8/2/2025,98,24,1,Store,4,1538,0.14
100172,2/9/2024,45,7,9,Store,3,6889,0.29
100173,7/12/2023,62,1,3,Store,4,2849,0.11
100174,4/7/2025,6,21,5,Store,4,7399,0.24
100175,7/18/2023,6,36,9,Store,4,5276,0.22
100176,6/12/2023,48,27,8,Store,1,6710,0.06
100177,8/12/2024,95,18,11,Store,5,1206,0.18
100178,1/1/2024,1,5,3,Store,5,1067,0.05
100179,11/18/2025,11,30,11,Store,1,3643,0.22
100180,10/14/2025,87,39,7,Store,5,4700,0.26
100181,10/31/2023,5,4,4,Store,3,7002,0.25
100182,5/29/2023,31,7,12,Store,3,6944,0.21
100183,9/9/2025,119,3,6,Store,2,6445,0.04
100184,3/29/2023,98,36,5,Store,2,6053,0.16
100185,6/10/2024,47,8,3,Store,5,1698,0.25
100186,3/15/2026,59,14,7,Online,4,1667,0.12
100187,5/16/2023,8,40,11,Online,2,3688,0.08
100188,11/14/2023,90,40,10,Online,2,6770,
100189,11/24/2023,50,28,1,Store,5,6621,0.04
100190,2/5/2023,33,22,7,Online,3,3413,0.23
100191,3/24/2024,86,35,7,Online,1,1549,0.26
100192,2/10/2024,120,35,1,Store,3,3234,0.15
100193,3/28/2026,18,24,12,Online,5,6893,0.06
100194,1/2/2026,33,26,9,Online,2,1819,0.26
100195,11/28/2024,67,3,4,Store,1,4027,0.11
100196,5/30/2025,55,14,1,Store,2,5725,0.16
100197,5/18/2023,12,13,3,Online,3,7185,0.28
100198,10/3/2024,56,6,9,Store,3,4348,0.29
100199,7/5/2025,99,3,3,Store,5,6892,0.28
100200,1/17/2023,80,28,6,Online,4,7158,0.06
100201,10/17/2024,50,28,9,Store,4,5898,0.06
100202,5/9/2024,119,20,8,Store,5,3945,0.09
100203,9/25/2024,96,13,11,Store,5,6826,0.05
100204,11/25/2025,86,26,8,Store,3,2529,
100205,8/20/2025,18,32,1,Online,1,4700,0.21
100206,11/9/2025,120,1,11,Store,5,6864,0.01
100207,12/29/2025,17,21,6,Online,1,4696,0.02
100208,11/21/2025,112,21,8,Online,3,1000,0.22
100209,4/11/2025,38,28,5,Online,3,4113,0.19
100210,8/18/2025,21,18,8,Store,5,2609,0.28
100211,11/11/2025,64,34,3,Store,3,3725,0.27
100212,1/2/2023,75,9,4,Store,2,6976,0.21
100213,6/13/2023,49,30,10,Store,4,1100,0.19
100214,5/19/2023,75,17,11,Online,3,4026,0.09
100215,9/26/2024,71,16,7,Online,5,6234,0.02
100216,10/27/2025,2,30,1,Online,1,862,0.23
100217,4/13/2026,111,19,7,Store,3,5503,0.16
100218,4/5/2025,50,9,3,Online,3,682,0.21
100219,9/21/2024,84,3,11,Store,3,6831,
100220,5/28/2025,89,1,5,Store,2,5932,0.12
100221,6/3/2024,87,25,6,Online,1,2141,0.22
100222,11/16/2023,88,5,8,Online,1,7059,0.18
100223,8/10/2023,110,26,4,Online,4,4073,0.17
100224,7/15/2025,53,9,12,Online,4,3861,0.22
100225,4/17/2023,6,26,4,Online,4,6624,0.26
100226,4/12/2026,39,15,2,Store,2,6615,0.05
100227,12/4/2025,16,26,9,Online,3,1805,0.06
100228,12/13/2024,96,39,3,Store,3,3130,0.13
100229,8/10/2025,84,29,7,Online,1,5278,0.01
100230,6/27/2024,4,29,11,Store,5,2762,0.24
100231,5/24/2025,13,19,5,Store,3,7357,0.16
100232,3/30/2023,112,34,9,Online,1,2562,0.17
100233,7/23/2024,77,10,5,Online,4,5962,0.1
100234,9/22/2025,5,9,7,Store,3,2502,0.03
100235,12/2/2023,108,9,1,Store,5,6257,0.19
100236,1/3/2026,49,31,2,Store,3,6069,0.22
100237,8/23/2023,44,23,9,Online,5,4558,0.28
100238,11/1/2023,85,28,3,Online,2,7474,0.03
100239,4/20/2024,18,13,8,Online,3,1866,0.02
100240,2/19/2023,72,5,1,Online,1,863,0.29
100241,11/19/2025,90,32,12,Online,3,676,0.29
100242,10/29/2025,82,31,1,Store,5,6821,0.27
100243,9/30/2025,44,34,4,Store,4,2651,0.23
100244,3/12/2024,113,3,8,Online,4,3717,0.16
100245,10/1/2025,18,38,4,Online,5,7008,0.06
100246,5/1/2025,83,3,6,Online,4,6535,0.08
100247,8/21/2025,106,29,3,Online,3,1655,0.24
100248,8/19/2023,43,39,12,Store,4,5866,0.18
100249,12/9/2025,27,31,8,Online,2,7288,0.08
100250,5/12/2024,43,32,11,Online,5,6136,0.11
100251,2/23/2024,23,39,10,Online,1,4475,0.14
100252,9/16/2024,13,15,11,Online,5,5983,0.29
100253,12/10/2024,52,24,10,Store,1,3949,0.21
100254,3/22/2023,69,14,10,Store,3,3133,0.02
100255,11/6/2024,82,15,12,Online,2,3262,0.29
100256,6/22/2024,50,11,3,Online,5,6075,0.14
100257,3/5/2024,2,9,11,Store,2,6999,0.22
100258,2/24/2025,64,4,10,Online,4,880,0.24
100259,2/29/2024,8,9,6,Online,1,5250,0.12
100260,1/14/2026,54,31,8,Store,4,6301,0.29
100261,12/9/2024,62,26,1,Store,4,5723,0.03
100262,12/4/2024,27,22,7,Store,5,7040,0.17
100263,2/10/2025,35,12,1,Online,2,3416,0.06
100264,10/8/2024,65,27,6,Online,1,2168,0.12
100265,3/28/2023,52,11,5,Store,2,2152,0.05
100266,8/12/2024,43,39,12,Store,3,4552,0.07
100267,5/1/2025,83,19,11,Store,1,6803,0.26
100268,4/13/2023,50,3,6,Online,4,3938,0.03
100269,2/27/2023,91,18,2,Online,5,3519,0.01
100270,7/28/2023,91,4,3,Online,3,3745,0.21
100271,11/26/2025,105,4,10,Online,2,1937,0.24
100272,1/4/2026,63,30,1,Online,1,789,0.09
100273,7/31/2023,118,32,12,Store,3,3523,0.05
100274,5/16/2025,65,5,11,Online,1,2190,0.1
100275,3/20/2024,56,5,12,Store,5,5632,0.26
100276,5/12/2023,65,10,7,Store,1,802,0.18
100277,5/24/2024,87,23,4,Store,4,2721,0.12
100278,10/27/2024,26,18,10,Store,2,4143,0.14
100279,4/21/2024,51,15,12,Store,5,2236,0.06
100280,10/4/2024,12,16,2,Online,3,6562,0.18
100281,11/4/2024,52,40,10,Store,5,3808,0.27
100282,4/16/2023,65,27,2,Online,3,6939,0.16
100283,4/18/2023,107,13,6,Online,1,3360,0.11
100284,4/11/2025,61,13,2,Online,2,4333,0.07
100285,11/15/2025,80,34,7,Online,3,6473,0.28
100286,9/2/2023,33,5,11,Store,1,5504,0.18
100287,3/20/2025,103,15,6,Store,2,7193,0.01
100288,1/27/2024,22,15,11,Store,1,5021,0.21
100289,3/3/2023,86,9,7,Store,1,674,0.29
100290,3/16/2023,27,15,7,Online,5,2748,0.06
100291,7/24/2024,119,23,10,Online,3,1863,0.17
100292,6/13/2025,87,9,9,Online,2,4685,0.16
100293,8/21/2024,17,33,12,Store,4,4496,0.19
100294,12/9/2023,24,11,9,Store,4,1703,0.12
100295,8/30/2024,117,29,5,Store,5,968,0.15
100296,8/22/2025,32,30,8,Store,1,3384,0.21
100297,7/2/2024,11,24,10,Store,1,7302,0.12
100298,9/29/2023,120,15,12,Online,5,4520,0.02
100299,7/28/2023,69,15,3,Online,1,7071,0.15
100300,4/12/2026,79,35,7,Store,3,4950,0.19
100301,6/17/2024,100,31,7,Online,4,3140,0.14
100302,10/23/2024,83,2,5,Online,4,2086,0.06
100303,11/19/2025,54,24,10,Online,4,2240,0.04
100304,5/31/2024,6,14,7,Online,4,740,0.01
100305,1/2/2024,105,17,12,Online,5,1488,0.19
100306,5/30/2023,61,16,1,Online,4,2110,0.09
100307,11/13/2023,36,13,3,Store,4,7373,0.15
100308,3/24/2025,72,13,6,Store,4,779,0.02
100309,2/19/2023,33,4,1,Online,3,4961,0.24
100310,7/5/2025,62,13,7,Online,5,3875,0.09
100311,4/26/2025,119,19,10,Online,5,5242,0.23
100312,11/19/2023,58,25,1,Online,3,5421,0.03
100313,2/17/2023,55,7,3,Store,1,6517,0.26
100314,6/4/2024,80,9,2,Store,2,4526,0.29
100315,8/6/2024,80,4,11,Store,4,3156,0.25
100316,6/18/2024,64,9,2,Online,3,6132,0.16
100317,4/5/2026,62,1,11,Store,5,862,0.19
100318,2/20/2025,43,36,9,Online,3,5801,0.18
100319,2/20/2025,54,22,5,Online,1,1311,0.19
100320,2/13/2024,90,17,4,Online,1,1244,0.2
100321,2/21/2025,7,34,8,Online,1,5980,0.08
100322,1/9/2026,111,30,10,Online,3,1316,0.27
100323,1/7/2023,44,37,12,Store,2,2410,0.09
100324,11/3/2023,24,9,10,Store,3,3229,0.05
100325,2/8/2023,108,30,11,Online,4,4286,0.25
100326,10/6/2024,22,26,7,Store,1,2766,0.13
100327,3/26/2025,105,34,1,Store,2,4743,0.23
100328,5/9/2024,36,20,12,Store,4,2763,0.03
100329,2/1/2026,103,6,6,Store,4,1706,0.01
100330,2/26/2023,74,15,8,Online,3,1549,0.06
100331,12/2/2025,110,1,7,Store,5,2228,0.12
100332,7/15/2023,46,1,9,Store,4,1286,0.28
100333,11/28/2023,87,13,8,Store,1,682,0.1
100334,1/23/2026,15,36,3,Store,4,5543,0.28
100335,2/25/2024,73,31,1,Store,2,1685,0.14
100336,9/30/2023,104,28,10,Store,3,2311,0.06
100337,3/16/2023,17,27,1,Store,3,1534,0.08
100338,6/18/2023,61,38,11,Store,3,971,0.22
100339,10/4/2024,64,29,9,Store,5,6984,0.05
100340,6/21/2023,119,1,8,Online,2,3787,0.19
100341,6/27/2024,73,12,11,Online,5,6440,0.19
100342,3/11/2023,93,6,4,Store,5,7491,0.14
100343,12/30/2025,54,37,12,Store,2,4005,0.16
100344,3/14/2023,47,33,6,Store,2,2946,0.13
100345,4/25/2024,40,40,7,Online,1,4792,0.22
100346,1/18/2024,77,40,5,Store,2,2320,0.08
100347,10/21/2024,17,21,10,Online,2,2296,0.24
100348,8/20/2023,46,34,10,Online,4,6762,0.29
100349,6/21/2023,10,7,8,Store,1,2541,0.27
100350,1/11/2025,11,21,3,Online,2,1678,0.15
100351,8/14/2025,80,1,7,Online,3,5703,0.23
100352,3/27/2023,26,1,4,Online,2,5724,0.09
100353,4/15/2026,38,26,10,Online,5,2250,0.27
100354,7/18/2024,99,25,11,Store,4,632,0.1
100355,1/15/2024,14,3,3,Online,5,1766,0.15
100356,3/31/2026,6,33,7,Online,2,6457,0.29
100357,1/3/2025,44,29,3,Store,2,1183,0.16
100358,10/12/2024,47,3,11,Store,1,3429,0.11
100359,8/12/2025,30,16,6,Online,5,2659,0.08
100360,1/30/2025,12,6,2,Online,4,999,0.21
100361,8/24/2024,20,35,4,Online,5,872,0.2
100362,8/1/2023,89,36,4,Online,4,1628,0.13
100363,3/1/2025,51,2,2,Store,4,5384,0.07
100364,5/20/2025,108,4,5,Online,3,4897,0.18
100365,1/22/2026,39,34,1,Online,1,6121,0.23
100366,3/27/2023,21,35,12,Online,5,2718,0.25
100367,4/2/2024,35,36,10,Store,1,783,0.19
100368,5/9/2025,94,36,7,Online,2,818,
100369,11/19/2023,92,13,7,Online,4,4850,0.1
100370,8/22/2024,50,23,2,Store,1,2914,0.26
100371,3/4/2023,92,22,5,Online,4,3258,0.22
100372,6/5/2025,64,26,7,Online,1,3654,0.16
100373,4/4/2024,24,7,7,Online,5,7467,0.05
100374,5/17/2025,82,32,4,Store,5,3402,0.09
100375,5/9/2024,89,10,4,Store,2,4332,0.27
100376,10/2/2023,43,2,9,Store,2,6298,0.2
100377,3/10/2025,15,32,1,Store,4,3704,0.24
100378,1/6/2025,73,12,3,Store,5,3524,0.16
100379,3/21/2023,105,4,7,Online,5,3806,0.23
100380,5/23/2024,39,4,1,Store,3,1599,0.18
100381,9/10/2024,14,5,8,Online,1,3111,0.06
100382,7/21/2025,67,8,10,Store,4,6852,0.04
100383,3/9/2025,8,24,10,Online,2,2152,0.11
100384,2/4/2024,83,14,10,Store,4,6986,0.14
100385,10/18/2024,116,34,7,Store,2,7465,0.02
100386,11/2/2023,4,37,3,Store,2,1567,0.2
100387,3/30/2026,45,5,5,Online,4,4304,0.22
100388,12/4/2024,66,30,11,Store,2,3838,0.29
100389,6/7/2023,53,3,5,Online,4,6966,0.04
100390,11/6/2024,114,29,11,Online,1,3705,0.14
100391,4/11/2024,40,20,8,Online,3,2704,0.05
100392,1/17/2023,120,28,9,Online,5,2489,0.21
100393,3/5/2024,39,23,5,Online,5,1926,0.27
100394,3/19/2026,73,17,2,Store,1,4662,0.21
100395,4/1/2026,6,13,9,Store,5,2161,0.21
100396,7/18/2024,116,21,8,Online,4,1088,0.03
100397,1/20/2026,68,15,2,Store,1,4937,0.14
100398,2/19/2026,50,19,4,Store,4,5780,0.22
100399,11/24/2024,111,15,9,Store,3,6945,0.28
100400,11/12/2025,51,34,1,Online,3,5103,0.27
100401,5/23/2024,109,14,1,Store,1,799,0.14
100402,4/2/2023,116,13,1,Online,2,4259,0.25
100403,10/24/2025,40,37,3,Store,2,5570,0.15
100404,7/25/2023,69,12,6,Online,3,4882,0.17
100405,3/28/2026,5,16,1,Store,1,5826,0.2
100406,10/4/2023,116,37,4,Store,3,5974,0.14
100407,12/12/2023,61,4,2,Online,2,1566,0.26
100408,7/15/2023,24,38,2,Online,2,1391,
100409,4/14/2024,120,34,2,Store,2,6735,0.16
100410,5/14/2023,51,38,12,Online,5,4697,0.14
100411,8/14/2023,17,30,8,Store,2,6024,0.14
100412,3/6/2026,1,4,8,Store,4,7304,0.29
100413,8/10/2023,65,27,10,Store,4,3034,0.01
100414,2/20/2025,22,21,10,Online,5,4158,0.11
100415,8/28/2023,25,22,10,Store,3,4019,0.08
100416,10/13/2025,115,11,10,Store,3,5187,0.02
100417,11/1/2023,92,36,2,Store,5,3328,0.03
100418,2/9/2023,21,7,1,Store,5,1811,0.25
100419,4/13/2023,27,23,10,Online,4,4889,0.29
100420,6/8/2024,83,9,9,Store,4,3938,0.28
100421,7/23/2024,71,17,11,Online,5,3710,0.19
100422,11/11/2024,36,39,3,Online,3,6207,0.03
100423,12/25/2025,120,40,3,Online,3,6054,0.28
100424,8/20/2024,68,23,6,Store,1,4071,0.02
100425,2/11/2023,8,29,9,Store,3,4683,0.16
100426,1/21/2024,86,4,11,Online,3,3057,0.22
100427,9/26/2023,9,30,4,Online,4,3776,0.26
100428,3/4/2026,22,21,4,Store,3,2706,0.06
100429,2/21/2026,19,25,8,Store,4,733,0.14
100430,1/30/2024,70,32,3,Online,4,4808,0.22
100431,6/3/2023,46,36,7,Online,3,5983,0.13
100432,6/12/2025,84,21,11,Online,2,7422,0.24
100433,7/29/2023,118,24,5,Store,5,3696,0.16
100434,2/18/2023,89,38,1,Store,5,4203,0.23
100435,11/9/2024,114,26,9,Store,1,3692,
100436,8/10/2023,41,38,7,Store,2,2357,0.05
100437,8/31/2024,77,25,10,Online,4,5087,0.07
100438,10/17/2025,17,26,7,Online,1,5280,0.28
100439,2/22/2026,80,27,9,Online,4,1813,0.06
100440,7/28/2023,77,12,10,Store,1,3971,0.18
100441,7/4/2023,99,15,7,Online,4,7070,0.27
100442,2/21/2025,8,1,7,Store,2,6055,0.28
100443,1/31/2023,117,24,11,Store,2,1012,0.26
100444,7/29/2023,74,38,4,Online,4,5494,0.04
100445,9/21/2025,31,24,11,Store,5,4453,0.25
100446,12/19/2025,15,7,6,Online,3,5401,0.08
100447,9/19/2024,44,5,10,Online,4,4074,0.16
100448,3/25/2023,6,7,10,Store,3,6208,0.17
100449,9/10/2024,7,38,6,Online,3,3576,0.22
100450,9/19/2023,92,16,6,Store,1,3053,0.27
100451,3/18/2026,114,38,7,Online,1,1181,0.21
100452,5/1/2025,23,5,1,Online,5,2204,0.16
100453,2/10/2023,10,35,6,Store,3,2886,0.06
100454,7/11/2024,78,18,9,Online,1,1705,0.18
100455,2/23/2023,48,17,8,Store,2,4446,0.28
100456,1/10/2026,41,6,3,Store,4,642,0.03
100457,2/16/2025,80,23,4,Store,3,4580,0.28
100458,3/4/2025,90,32,1,Online,1,1986,0.16
100459,10/17/2023,6,36,9,Store,3,3358,0.01
100460,6/17/2025,37,25,5,Store,2,2708,0.04
100461,9/25/2024,119,29,10,Online,3,4922,0.22
100462,7/4/2024,56,40,11,Online,5,4282,0.21
100463,9/14/2023,26,26,5,Store,1,5121,0.17
100464,3/6/2026,24,28,11,Online,3,3039,0.18
100465,2/23/2026,79,26,5,Online,3,4383,0.26
100466,1/26/2024,70,12,6,Online,2,2334,0.24
100467,9/8/2025,11,1,5,Online,5,1032,0.25
100468,10/9/2024,78,14,9,Store,4,1992,0.19
100469,5/13/2023,88,34,1,Online,1,3544,0.1
100470,7/13/2024,98,9,10,Store,4,6305,0.11
100471,1/11/2025,108,1,11,Store,5,7193,0.17
100472,4/22/2024,98,31,3,Store,4,2002,0.28
100473,6/3/2025,57,1,7,Online,3,4175,0.15
100474,5/15/2025,72,20,10,Online,4,2092,0.2
100475,6/20/2025,58,24,2,Online,2,4696,0.27
100476,4/17/2024,87,34,7,Online,4,4373,
100477,3/3/2023,5,40,5,Online,3,6325,0.04
100478,7/1/2025,69,21,8,Store,3,3869,0.02
100479,12/3/2023,85,15,2,Store,3,6790,0.17
100480,11/29/2023,114,27,2,Online,1,6139,0.08
100481,9/9/2025,98,3,5,Store,3,6443,0.12
100482,3/9/2023,39,24,8,Online,2,1266,0.07
100483,1/13/2026,51,27,1,Online,2,2503,0.02
100484,3/2/2026,65,17,9,Store,3,2788,0.15
100485,1/26/2025,112,25,10,Store,3,4058,0.26
100486,10/8/2024,86,31,8,Store,1,5081,0.1
100487,10/27/2025,89,24,11,Online,1,6531,0.16
100488,5/19/2025,30,24,2,Online,4,933,0.11
100489,2/22/2023,2,14,10,Store,5,5657,0.06
100490,2/22/2024,99,18,11,Store,3,2709,0.15
100491,12/8/2025,112,16,10,Store,4,6674,0.13
100492,5/3/2023,102,32,2,Online,3,3267,0.02
100493,5/24/2024,72,15,1,Store,1,7114,0.05
100494,9/2/2025,91,31,3,Store,5,1908,0.19
100495,8/14/2024,82,38,9,Store,1,890,0.11
100496,6/22/2025,97,14,10,Store,1,7254,0.28
100497,6/7/2023,27,9,2,Store,3,4227,0.15
100498,7/11/2025,38,26,9,Store,3,2975,0.02
100499,10/11/2023,88,30,12,Store,4,1605,0.16
100500,3/1/2026,11,10,3,Online,4,3985,0.06
100501,6/5/2023,58,3,4,Online,3,4575,0.22
100502,10/18/2024,113,9,3,Online,3,1971,0.21
100503,9/4/2023,64,8,4,Store,1,2368,0.28
100504,7/7/2023,36,40,3,Store,1,3194,0.1
100505,8/30/2025,38,11,6,Store,5,3498,0.13
100506,3/22/2023,116,21,5,Store,2,4486,0.06
100507,8/7/2025,88,25,9,Online,1,2756,0.23
100508,8/25/2025,29,20,3,Online,3,7070,0.17
100509,11/24/2023,1,24,1,Online,4,6465,0.23
100510,10/5/2025,67,40,10,Store,2,7093,0.12
100511,3/19/2023,86,18,9,Online,4,4626,0.17
100512,4/23/2025,96,18,2,Online,2,3131,0.11
100513,9/8/2023,18,31,8,Store,1,2542,0.1
100514,3/23/2025,101,17,12,Online,3,4363,0.1
100515,2/24/2026,60,27,1,Store,5,675,0.2
100516,9/23/2023,89,33,7,Online,4,7415,0.1
100517,4/23/2024,66,39,8,Store,2,4415,0.29
100518,8/23/2025,11,16,7,Online,4,5666,0.04
100519,11/19/2023,50,1,4,Store,3,3882,0.21
100520,12/7/2024,11,10,7,Store,2,948,0.22
100521,6/2/2023,88,19,3,Store,3,6872,0.1
100522,8/5/2023,72,31,7,Store,1,7283,0.15
100523,3/28/2025,13,14,7,Store,4,4514,0.01
100524,11/17/2024,52,31,5,Store,2,4682,0.1
100525,7/23/2025,75,8,6,Store,2,4904,0.18
100526,11/23/2024,37,18,8,Store,2,4843,0.2
100527,5/3/2023,114,4,11,Store,2,1001,0.27
100528,7/19/2023,36,2,6,Online,1,6728,0.19
100529,6/15/2024,47,35,1,Online,5,3206,0.25
100530,5/7/2023,9,15,1,Online,4,6556,0.29
100531,10/4/2024,38,3,3,Online,4,2330,0.25
100532,7/21/2023,83,6,9,Online,2,5616,0.13
100533,10/21/2023,72,39,8,Online,1,4238,0.19
100534,7/1/2023,17,2,9,Store,4,1513,0.03
100535,4/14/2026,42,36,9,Store,3,3817,0.16
100536,11/2/2024,44,29,9,Store,2,1726,0.14
100537,6/12/2025,34,2,12,Online,1,3691,0.11
100538,12/29/2024,36,16,8,Online,5,3204,0.11
100539,3/9/2023,40,17,3,Online,4,4674,0.04
100540,1/23/2023,38,19,3,Store,3,5735,0.01
100541,7/14/2025,99,22,5,Store,4,1381,0.15
100542,10/25/2023,83,24,9,Online,4,1377,0.17
100543,11/6/2024,77,10,8,Store,3,7168,0.28
100544,2/14/2024,99,35,1,Online,5,4577,0.23
100545,7/15/2025,23,11,7,Store,5,4896,0.2
100546,2/15/2025,73,37,7,Online,5,4028,0.19
100547,4/10/2026,66,7,11,Store,5,2753,0.24
100548,4/12/2026,95,10,12,Store,3,2050,0.23
100549,9/18/2025,111,36,5,Online,4,6878,0.1
100550,4/8/2025,95,13,12,Store,2,914,0.26
100551,4/9/2026,70,35,4,Online,4,1040,0.26
100552,10/4/2024,94,7,7,Online,3,1867,0.1
100553,8/4/2024,110,38,3,Online,4,1541,0.27
100554,6/25/2023,48,9,2,Store,4,6616,0.02
100555,12/15/2025,6,11,9,Store,2,6472,0.14
100556,7/7/2025,30,31,10,Online,3,5374,0.07
100557,1/22/2026,14,34,2,Online,4,1124,0.05
100558,9/7/2025,116,3,12,Online,2,5340,0.07
100559,12/25/2024,92,22,10,Store,3,6624,
100560,11/1/2023,37,25,2,Online,3,705,0.26
100561,12/1/2023,68,2,2,Online,2,4350,0.19
100562,5/4/2023,100,29,9,Online,2,843,0.12
100563,8/23/2024,21,35,6,Store,5,6323,0.09
100564,9/9/2024,11,29,10,Store,1,4451,0.26
100565,3/11/2025,67,21,10,Store,5,5023,0.01
100566,12/28/2025,89,13,5,Online,2,3715,0.04
100567,3/18/2026,15,33,4,Store,1,6486,0.18
100568,6/9/2023,77,21,3,Online,1,4718,0.08
100569,12/31/2023,107,20,1,Store,5,7360,0.01
100570,8/27/2023,58,22,11,Store,2,4027,0.01
100571,11/22/2025,5,37,2,Store,1,3718,0.28
100572,8/28/2024,74,20,10,Store,4,6298,
100573,12/15/2024,90,14,4,Store,4,3662,0.26
100574,5/13/2024,63,21,5,Store,1,6179,0.24
100575,6/25/2025,3,19,10,Store,1,1480,0.26
100576,6/7/2025,53,7,3,Online,4,2660,0.13
100577,6/6/2025,34,19,11,Store,1,5131,0.03
100578,5/22/2025,42,7,4,Store,3,6928,0.28
100579,3/27/2023,78,10,1,Store,3,2472,0.01
100580,6/16/2023,39,19,9,Store,5,2612,0.2
100581,4/5/2025,110,2,6,Store,5,6270,0.1
100582,2/25/2023,14,38,4,Store,3,2004,0.16
100583,2/26/2026,15,22,10,Online,1,4855,0.13
100584,11/8/2024,26,9,4,Online,3,6310,0.14
100585,5/20/2025,37,16,10,Online,5,1077,0.23
100586,12/26/2024,74,19,6,Store,5,6846,0.11
100587,3/31/2026,42,24,1,Store,2,5903,0.18
100588,8/22/2024,10,39,10,Store,4,6486,0.2
100589,9/8/2024,74,6,6,Online,2,3893,0.13
100590,9/16/2023,70,24,4,Online,1,5141,0.17
100591,10/10/2023,24,14,10,Online,5,6324,0.01
100592,9/19/2023,61,11,8,Store,4,1158,0.05
100593,5/20/2023,23,25,7,Store,1,4820,0.11
100594,3/3/2023,67,16,8,Online,3,6501,0.27
100595,12/7/2025,84,39,10,Store,3,4913,0.09
100596,7/4/2024,70,23,11,Store,5,7281,0.13
100597,1/26/2026,40,8,7,Online,1,1952,
100598,11/17/2024,74,18,9,Online,3,5577,0.18
100599,11/27/2024,72,31,1,Store,4,3674,0.02
100600,7/27/2024,103,35,12,Store,5,4275,0.02
100601,2/13/2025,40,23,8,Store,5,7007,0.18
100602,10/25/2024,109,4,2,Store,3,4613,0.25
100603,12/20/2024,54,23,11,Store,5,2431,0.27
100604,4/15/2026,22,13,6,Online,3,5713,0.19
100605,1/22/2026,100,17,5,Store,2,1631,0.13
100606,12/7/2025,62,32,11,Store,2,3480,0.09
100607,9/13/2024,91,13,11,Store,4,2072,0.3
100608,5/6/2024,78,23,10,Store,4,2044,0.22
100609,2/3/2025,68,37,2,Online,3,5008,0.19
100610,5/7/2023,74,29,9,Online,2,5373,0.01
100611,8/4/2024,68,4,3,Store,1,1346,0.03
100612,9/16/2024,43,27,10,Online,5,4904,0.11
100613,7/14/2025,37,39,4,Online,1,780,0.17
100614,4/9/2026,46,8,5,Store,5,3974,0.22
100615,5/25/2024,36,14,7,Online,1,3202,0.18
100616,8/6/2025,101,21,4,Store,2,7339,0.18
100617,7/2/2023,30,37,12,Store,1,7194,0.1
100618,8/24/2024,87,39,12,Online,5,804,0.12
100619,5/1/2023,13,20,5,Online,1,4653,0.09
100620,1/23/2023,43,7,8,Store,2,6285,0.03
100621,2/23/2025,34,37,11,Online,3,6200,0.12
100622,3/27/2024,16,19,6,Store,5,3301,0.11
100623,9/13/2023,23,29,12,Online,5,6773,0.07
100624,6/22/2024,24,5,2,Online,5,1315,0.13
100625,4/21/2024,53,32,9,Store,3,5105,0.09
100626,3/21/2024,62,16,6,Online,3,1121,0.05
100627,9/2/2023,95,1,5,Store,5,2009,0.17
100628,12/27/2024,61,13,2,Store,1,3321,0.28
100629,7/13/2023,22,21,11,Store,3,6024,0.23
100630,11/2/2024,57,23,12,Store,1,6119,0.21
100631,7/12/2024,87,21,6,Store,2,3063,0.09
100632,9/10/2023,85,24,6,Store,5,7259,0.28
100633,5/17/2025,101,38,9,Online,5,5964,0.23
100634,4/15/2026,100,31,2,Store,3,3537,0.14
100635,4/2/2023,43,7,5,Online,4,5964,0.04
100636,8/11/2025,44,13,7,Store,4,3736,0.18
100637,6/27/2023,34,1,7,Store,2,5233,0.05
100638,8/7/2023,83,21,6,Store,1,5789,0.1
100639,3/7/2026,108,14,9,Store,1,2178,0.3
100640,11/16/2025,101,31,12,Online,1,2871,0.17
100641,3/8/2025,22,21,2,Online,5,1555,0.06
100642,1/24/2025,14,7,11,Online,3,1264,0.09
100643,2/8/2024,15,9,10,Store,3,2246,0.25
100644,3/10/2023,44,13,12,Online,1,4127,0.02
100645,12/15/2023,108,4,10,Store,5,2160,0.08
100646,7/26/2025,100,37,2,Store,4,6759,0.08
100647,9/2/2025,3,26,9,Store,4,5063,0.07
100648,5/10/2025,1,27,7,Store,2,1581,0.12
100649,2/22/2025,112,26,7,Store,1,1382,0.26
100650,10/13/2023,11,29,10,Store,4,6195,0.2
100651,1/2/2023,114,36,11,Store,1,6050,0.27
100652,3/18/2024,109,22,2,Online,5,829,0.15
100653,6/15/2024,87,31,7,Store,1,4862,0.22
100654,12/19/2023,97,24,7,Store,5,5159,0.2
100655,5/12/2024,48,6,2,Store,4,4955,0.09
100656,1/11/2026,68,21,7,Store,4,6314,0.3
100657,8/21/2025,81,11,11,Store,5,6030,0.24
100658,1/17/2026,95,5,6,Online,5,6139,0.01
100659,10/6/2025,63,38,2,Store,4,1293,0.29
100660,11/27/2024,94,4,9,Online,3,767,0.11
100661,2/24/2026,62,5,8,Store,3,3040,0.15
100662,4/3/2025,64,23,4,Store,3,3299,0.08
100663,11/20/2023,16,37,12,Store,4,2601,0.08
100664,9/27/2023,25,30,2,Online,3,3048,0.22
100665,1/19/2026,58,34,10,Store,2,674,0.02
100666,1/16/2023,23,18,3,Online,4,5872,0.25
100667,8/24/2023,25,7,9,Online,2,2439,0.01
100668,3/25/2024,43,17,10,Online,4,7306,0.02
100669,1/21/2024,68,22,5,Store,1,7281,0.04
100670,4/9/2025,45,20,6,Online,3,5748,0.11
100671,5/4/2024,73,24,2,Online,5,1538,0.11
100672,8/17/2023,45,10,10,Store,2,4356,0.2
100673,10/16/2024,46,14,3,Store,2,4855,0.19
100674,1/9/2023,15,21,1,Online,5,2380,0.17
100675,4/3/2023,49,12,8,Online,4,1159,0.05
100676,1/2/2026,110,10,10,Store,5,6143,0.07
100677,12/13/2023,118,33,7,Store,2,785,0.22
100678,10/12/2025,33,33,6,Online,2,784,0.21
100679,11/14/2024,109,36,2,Store,1,5108,0.27
100680,7/31/2024,107,27,6,Online,2,6261,0.13
100681,1/24/2023,45,16,8,Online,5,5265,0.23
100682,8/27/2023,78,18,4,Online,5,4555,0.2
100683,5/24/2025,17,27,11,Store,1,4573,0.09
100684,3/1/2023,60,9,4,Online,3,1929,0.1
100685,12/23/2024,18,33,2,Store,1,5671,0.25
100686,7/12/2025,80,29,1,Online,1,6587,0.21
100687,6/25/2025,120,30,8,Store,2,6574,0.23
100688,6/9/2023,8,13,4,Store,2,957,0.28
100689,8/10/2025,60,11,7,Store,2,5236,0.15
100690,1/13/2026,85,11,8,Store,4,6875,0.09
100691,2/10/2025,101,13,5,Online,3,7182,0.18
100692,4/19/2026,104,14,8,Store,5,3487,0.18
100693,5/22/2025,55,33,1,Store,1,3887,0.03
100694,11/29/2025,59,18,3,Store,4,5149,0.06
100695,1/19/2026,38,25,10,Online,1,3136,0.26
100696,7/20/2024,91,23,4,Store,4,2292,0.2
100697,3/13/2024,84,5,11,Store,2,5265,0.15
100698,9/22/2024,52,3,7,Online,2,3039,0.17
100699,7/25/2024,76,17,11,Store,3,7022,0.21
100700,10/30/2023,94,13,6,Online,4,4109,0.11
100701,8/15/2025,105,8,9,Store,5,2554,0.29
100702,8/5/2023,20,7,4,Store,4,3381,0.04
100703,3/27/2025,91,35,11,Online,2,4737,0.07
100704,7/14/2025,86,9,8,Online,3,1185,0.17
100705,7/6/2025,47,34,5,Store,2,3819,0.06
100706,1/4/2026,110,23,3,Store,4,6113,0.07
100707,7/21/2024,25,9,9,Online,3,6955,0.23
100708,10/31/2023,32,35,4,Online,4,6631,0.27
100709,12/11/2024,11,25,3,Store,5,2461,0.14
100710,4/17/2025,86,9,2,Online,2,7262,0.04
100711,8/8/2024,85,4,11,Store,2,4184,0.04
100712,8/12/2024,102,14,4,Online,4,1403,0.14
100713,9/12/2023,80,24,8,Online,4,1638,0.02
100714,11/6/2024,83,38,3,Store,4,6563,0.23
100715,5/13/2023,82,3,11,Online,2,2748,0.17
100716,5/20/2023,80,31,8,Online,1,2312,0.18
100717,12/10/2025,94,11,3,Store,4,4800,0.01
100718,12/8/2025,120,20,4,Store,4,4148,0.13
100719,10/2/2023,9,1,6,Store,1,4570,0.27
100720,3/2/2026,89,15,5,Store,3,5728,0.26
100721,1/28/2023,92,35,10,Online,2,1746,0.19
100722,7/9/2023,56,25,10,Store,5,4197,0.11
100723,3/23/2026,3,2,5,Store,2,2869,0.13
100724,2/28/2026,57,22,2,Online,1,4074,0.16
100725,6/12/2024,70,30,7,Store,1,5398,0.05
100726,11/12/2023,9,5,9,Online,4,3210,0.21
100727,7/31/2024,57,4,1,Store,4,6338,0.19
100728,3/23/2025,16,16,6,Store,4,7299,0.07
100729,5/16/2025,14,2,7,Store,1,4893,0.01
100730,8/23/2025,103,38,3,Store,1,3078,0.01
100731,10/22/2023,23,8,2,Store,5,6573,0.27
100732,12/27/2025,40,8,11,Store,5,3336,0.17
100733,3/31/2026,61,1,6,Online,3,2284,0.19
100734,12/23/2025,119,18,1,Online,2,2957,0.29
100735,1/14/2024,111,38,9,Online,1,5406,0.12
100736,10/16/2023,49,12,12,Online,4,1387,0.2
100737,9/1/2023,6,39,9,Online,3,6115,0.3
100738,6/14/2023,72,23,1,Online,5,5564,0.13
100739,2/13/2024,31,17,12,Online,2,3258,0.18
100740,2/14/2024,56,14,6,Store,4,5427,0.3
100741,5/15/2024,25,38,6,Store,1,1337,0.13
100742,11/11/2025,19,31,9,Online,2,1019,0.08
100743,4/14/2024,77,5,12,Store,5,2930,0.22
100744,9/21/2024,104,37,10,Store,5,6190,0.01
100745,2/16/2026,15,4,9,Online,2,2208,0.11
100746,2/21/2025,115,3,3,Online,5,6671,0.08
100747,3/5/2025,20,13,3,Online,5,3795,0.27
100748,8/31/2025,2,1,5,Online,2,5652,0.04
100749,6/4/2025,8,36,1,Store,5,1277,0.04
100750,12/15/2023,35,35,5,Store,3,2339,0.28
100751,7/19/2024,72,9,1,Online,4,2466,0.17
100752,11/20/2024,19,13,2,Online,3,7109,0.18
100753,12/25/2025,66,5,8,Online,3,4614,0.17
100754,10/10/2024,35,13,1,Online,3,2079,0.04
100755,3/1/2024,39,10,1,Store,2,3828,0.25
100756,2/12/2026,107,38,1,Store,5,5192,0.06
100757,9/3/2024,49,8,11,Store,2,6845,0.27
100758,8/24/2024,81,16,8,Store,3,6832,0.27
100759,8/9/2024,84,23,7,Store,5,1635,0.04
100760,1/17/2026,71,23,9,Store,2,7058,0.01
100761,1/25/2026,111,33,4,Online,1,4112,
100762,8/23/2025,22,14,3,Online,2,3987,0.2
100763,9/18/2023,28,39,1,Store,3,5251,0.19
100764,4/11/2024,115,21,5,Online,4,5251,0.02
100765,5/20/2024,45,35,3,Store,1,3211,0.16
100766,2/13/2026,41,1,12,Store,4,1908,0.18
100767,1/31/2026,76,22,9,Store,3,4560,0.2
100768,1/26/2023,8,32,11,Online,3,4983,
100769,3/15/2023,120,36,11,Online,5,1507,0.2
100770,2/10/2026,31,10,2,Store,4,3141,0.14
100771,3/5/2025,7,16,10,Store,3,6172,0.12
100772,3/4/2024,2,32,10,Store,4,5610,0.19
100773,11/16/2023,97,33,9,Store,5,2203,0.23
100774,1/28/2025,83,8,2,Online,2,7221,0.08
100775,7/29/2024,50,32,9,Online,4,4530,0.2
100776,5/16/2024,25,5,3,Store,3,835,0.03
100777,10/18/2025,44,23,4,Online,2,7227,0.04
100778,9/21/2025,11,24,5,Store,3,4627,0.14
100779,2/16/2025,61,9,2,Online,3,4752,0.04
100780,7/21/2024,106,15,4,Online,5,1518,0.18
100781,8/4/2024,63,32,12,Store,3,3521,0.15
100782,2/16/2024,100,4,8,Store,5,2750,0.27
100783,8/9/2025,72,22,9,Online,5,5498,0.21
100784,1/25/2024,75,38,6,Online,1,6180,0.08
100785,11/3/2025,84,30,12,Store,2,4110,0.29
100786,3/1/2026,16,1,1,Store,3,4045,0.24
100787,6/5/2024,80,17,4,Store,3,2728,0.08
100788,5/19/2023,74,18,12,Store,1,2562,0.28
100789,9/23/2025,37,12,7,Store,3,4042,0.28
100790,3/31/2024,114,15,12,Store,2,7026,0.03
100791,12/1/2024,58,27,1,Online,3,5213,0.21
100792,9/16/2023,59,20,6,Store,4,2150,0.18
100793,4/3/2023,72,28,3,Store,3,4084,0.3
100794,4/6/2026,98,24,1,Online,4,4585,0.28
100795,5/25/2023,105,40,3,Online,4,2037,0.22
100796,3/10/2024,118,18,11,Online,1,4607,0.24
100797,10/10/2024,27,21,5,Store,1,2127,0.16
100798,10/2/2023,112,24,9,Online,2,6865,0.28
100799,4/9/2023,53,23,9,Store,1,6084,0.2
100800,9/3/2025,117,11,9,Store,4,2030,0.08
100801,8/4/2023,107,5,7,Online,4,655,0.27
100802,1/4/2023,20,29,11,Online,2,6006,0.3
100803,12/26/2024,101,31,11,Store,3,4417,0.1
100804,11/29/2024,60,8,12,Store,5,7468,0.11
100805,6/1/2025,112,2,1,Online,1,7131,0.13
100806,11/20/2024,102,22,11,Online,1,5304,0.27
100807,5/20/2024,109,34,2,Store,3,3760,0.14
100808,2/11/2023,22,5,11,Online,2,1542,0.09
100809,3/24/2025,67,17,6,Online,2,6590,0.2
100810,11/4/2023,91,24,1,Store,1,6541,
100811,7/4/2025,47,37,4,Online,5,4317,0.19
100812,10/15/2025,71,10,2,Store,3,6824,0.14
100813,12/26/2023,39,18,7,Online,2,6511,0.22
100814,12/22/2023,102,38,12,Store,4,7093,0.27
100815,6/24/2024,76,30,8,Online,1,2452,0.1
100816,3/20/2023,97,18,9,Store,4,6679,0.01
100817,11/21/2023,12,34,12,Store,2,5845,0.03
100818,12/12/2024,27,29,1,Online,3,6527,0.05
100819,2/26/2023,37,13,11,Online,5,2072,0.28
100820,6/12/2025,24,36,1,Online,1,7368,0.26
100821,1/20/2024,12,13,10,Store,2,5952,0.08
100822,3/8/2023,47,25,5,Online,4,6265,0.19
100823,9/15/2025,104,37,6,Store,2,1559,0.13
100824,8/27/2024,18,10,1,Store,1,4166,0.14
100825,3/24/2026,81,11,9,Online,3,6668,0.24
100826,3/4/2025,49,9,2,Store,1,3555,0.06
100827,2/15/2024,53,1,7,Store,3,919,0.29
100828,12/23/2024,87,23,5,Store,1,5982,0.13
100829,4/14/2023,93,40,5,Online,4,7379,0.25
100830,5/25/2025,32,25,11,Online,5,6446,0.1
100831,6/15/2025,71,34,2,Online,1,4918,0.17
100832,3/29/2025,22,16,3,Store,4,5950,0.03
100833,7/26/2024,4,31,7,Store,5,7415,0.15
100834,1/17/2025,117,38,1,Store,4,2982,0.09
100835,5/9/2023,3,12,7,Online,5,2419,0.11
100836,5/6/2025,120,7,7,Online,1,3142,0.25
100837,5/25/2023,69,40,7,Online,3,1216,0.29
100838,5/26/2025,89,22,12,Store,4,6236,0.05
100839,7/28/2024,86,18,10,Store,1,2437,0.24
100840,5/15/2023,48,16,1,Store,4,1208,0.26
100841,12/8/2025,21,1,7,Store,3,1786,0.2
100842,3/22/2024,77,8,2,Store,2,1509,0.11
100843,4/12/2023,20,13,5,Online,2,2069,0.22
100844,2/14/2025,62,34,2,Online,3,3707,
100845,2/12/2023,36,28,7,Store,4,3390,
100846,12/18/2023,75,31,8,Online,5,1691,0.04
100847,10/22/2023,64,13,8,Store,3,5811,0.28
100848,10/9/2023,17,14,11,Store,1,4369,0.03
100849,4/2/2026,106,31,4,Store,3,5159,0.13
100850,1/23/2023,59,18,8,Online,3,2092,0.1
100851,11/7/2025,3,9,1,Online,3,5326,0.29
100852,1/23/2024,68,14,2,Store,2,2363,0.04
100853,11/15/2025,48,22,4,Online,4,3730,0.22
100854,3/4/2026,1,38,4,Online,1,1403,0.11
100855,11/23/2023,60,29,4,Store,1,6340,0.26
100856,3/14/2024,42,5,6,Store,1,2240,0.15
100857,11/29/2023,64,5,4,Online,1,4489,0.1
100858,3/27/2025,83,30,5,Online,1,7408,0.28
100859,8/28/2024,103,1,2,Store,3,4427,0.29
100860,9/9/2025,105,33,8,Store,2,3155,0.2
100861,7/22/2023,83,31,11,Store,2,3667,0.21
100862,8/28/2025,4,3,1,Store,5,7323,0.05
100863,8/16/2024,34,35,1,Store,1,5899,0.02
100864,9/23/2025,61,14,4,Store,2,4080,0.19
100865,11/10/2023,119,22,3,Online,2,2105,0.13
100866,4/9/2025,92,7,6,Online,4,6778,0.15
100867,1/6/2024,8,33,9,Online,4,2361,0.25
100868,9/27/2025,90,7,12,Online,5,7324,0.14
100869,8/12/2025,44,11,2,Online,2,6539,0.26
100870,9/23/2023,45,23,9,Online,3,1722,0.12
100871,7/21/2023,120,37,1,Store,1,1492,0.27
100872,12/24/2024,64,27,8,Online,1,7492,0.15
100873,1/6/2026,86,40,6,Store,2,2944,0.08
100874,10/19/2024,5,1,9,Store,3,697,0.06
100875,10/6/2025,77,12,4,Store,1,5636,0.02
100876,5/9/2023,99,31,2,Online,5,2004,0.21
100877,1/28/2024,26,17,3,Online,3,3220,0.1
100878,10/17/2023,108,39,12,Store,5,1735,0.1
100879,2/3/2026,106,35,10,Store,5,5587,0.2
100880,12/27/2023,100,35,6,Store,5,5859,0.3
100881,12/24/2023,11,37,9,Store,1,3172,0.13
100882,1/20/2023,89,37,4,Online,5,7288,0.1
100883,6/14/2023,118,9,12,Store,3,2585,0.16
100884,11/8/2023,64,31,6,Online,2,6739,0.05
100885,12/24/2025,14,23,10,Online,3,2315,0.16
100886,1/30/2026,77,24,1,Store,5,2232,0.26
100887,10/7/2024,70,28,3,Store,5,4109,0.03
100888,2/10/2023,94,14,12,Store,1,3812,0.06
100889,10/12/2024,89,34,5,Online,1,6311,0.11
100890,4/20/2023,82,31,12,Online,1,1598,0.1
100891,5/30/2024,60,6,2,Store,2,3922,0.1
100892,3/11/2024,108,23,12,Online,1,4682,0.08
100893,7/11/2024,82,22,12,Online,2,4618,0.28
100894,9/17/2024,31,1,7,Online,4,1860,0.02
100895,4/29/2025,87,37,2,Store,5,5995,0.16
100896,3/4/2023,103,36,5,Store,4,3875,0.12
100897,10/30/2024,62,39,11,Online,4,7426,0.23
100898,3/8/2025,27,27,11,Store,3,6255,0.14
100899,5/20/2024,13,35,2,Online,2,6307,0.2
100900,3/23/2023,66,40,7,Store,2,1528,0.22
100901,7/13/2023,72,23,4,Store,3,1818,0.04
100902,2/29/2024,102,13,11,Online,4,6901,0.28
100903,10/22/2025,24,30,5,Store,5,4280,0.2
100904,3/2/2026,104,28,2,Store,1,5120,0.09
100905,8/16/2023,94,5,10,Online,4,652,0.06
100906,8/12/2023,94,21,6,Online,1,4537,0.08
100907,12/25/2025,72,21,10,Online,3,5536,0.11
100908,9/30/2025,72,11,10,Online,3,3141,0.28
100909,8/25/2025,18,6,12,Store,4,5058,0.09
100910,4/18/2024,101,35,5,Store,3,1414,0.28
100911,10/25/2025,120,8,5,Store,3,4842,0.14
100912,11/17/2023,116,17,5,Online,3,3395,0.17
100913,6/26/2024,12,26,10,Store,1,4645,0.05
100914,6/14/2024,8,15,12,Store,4,6168,0.29
100915,4/27/2023,102,2,11,Online,5,5953,0.01
100916,3/26/2023,13,40,5,Online,3,3344,0.21
100917,6/17/2023,92,1,7,Online,1,5019,0.22
100918,12/14/2023,43,32,10,Store,4,3974,0.05
100919,3/26/2025,107,28,8,Online,3,7006,0.28
100920,10/4/2024,110,31,9,Online,5,1090,0.14
100921,4/10/2025,17,29,3,Online,2,634,0.01
100922,2/5/2023,112,39,12,Online,5,2746,0.08
100923,1/24/2026,14,5,9,Store,1,4522,0.3
100924,6/2/2024,6,19,11,Store,3,2783,0.06
100925,8/11/2023,120,17,4,Store,3,5443,0.01
100926,1/17/2025,120,30,3,Store,2,3034,0.13
100927,6/5/2023,27,19,8,Store,3,1300,0.29
100928,9/13/2025,120,6,10,Store,2,5564,0.07
100929,4/24/2023,21,36,9,Store,1,3336,0.29
100930,12/15/2023,97,25,1,Store,4,5950,0.26
100931,4/5/2026,54,22,8,Store,4,4902,0.26
100932,10/10/2024,100,38,2,Online,5,6593,0.18
100933,3/16/2023,57,7,1,Online,4,2258,0.08
100934,8/29/2024,103,29,11,Online,1,3510,0.18
100935,3/11/2024,34,13,4,Store,3,3988,0.27
100936,6/17/2024,82,20,5,Online,4,6657,0.11
100937,12/29/2025,110,17,12,Store,3,1587,0.12
100938,4/23/2024,108,11,8,Online,4,4892,0.11
100939,7/16/2025,51,16,3,Online,2,1915,0.02
100940,8/9/2023,102,30,3,Store,2,7202,0.23
100941,7/19/2025,103,32,8,Online,1,760,0.05
100942,11/13/2023,105,4,6,Online,1,5215,0.14
100943,11/13/2025,108,34,4,Online,5,4373,0.22
100944,1/24/2023,15,28,9,Store,1,3205,0.22
100945,11/19/2023,101,2,1,Online,3,3425,0.26
100946,10/15/2024,1,12,8,Store,3,6583,0.21
100947,3/4/2026,108,6,10,Online,3,3476,0.25
100948,5/17/2023,32,7,9,Store,3,3672,0.04
100949,1/15/2024,42,4,12,Online,4,4852,0.1
100950,5/6/2025,86,9,3,Store,3,3842,0.04
100951,8/11/2024,41,1,1,Online,1,939,0.09
100952,4/22/2023,75,6,5,Online,1,3214,0.01
100953,11/18/2023,62,22,3,Store,4,5587,0.1
100954,5/17/2023,88,22,9,Store,4,6977,0.24
100955,2/15/2023,46,9,7,Store,4,5013,0.18
100956,2/13/2024,49,5,9,Online,1,1923,0.06
100957,1/30/2024,90,29,1,Store,2,3515,0.19
100958,8/31/2024,25,26,5,Store,2,1645,0.19
100959,2/7/2026,115,34,4,Online,1,6218,0.15
100960,5/27/2023,25,7,3,Online,3,3299,0.17
100961,4/13/2023,23,16,10,Store,3,2129,
100962,2/4/2025,22,8,9,Online,3,3072,0.21
100963,3/25/2023,60,30,11,Online,2,2896,0.27
100964,11/23/2023,14,33,9,Store,2,6961,0.12
100965,7/1/2025,6,35,5,Store,2,7337,0.19
100966,10/9/2024,85,22,8,Online,5,1361,0.29
100967,2/2/2026,115,14,10,Online,3,6820,0.25
100968,8/16/2024,108,33,8,Online,4,996,0.04
100969,4/14/2025,10,24,5,Store,4,2944,0.03
100970,3/6/2023,84,39,9,Store,2,3864,0.06
100971,9/19/2023,75,7,11,Online,4,3695,0.22
100972,8/8/2024,78,30,7,Online,1,3831,0.28
100973,7/2/2024,68,37,11,Store,3,1543,0.1
100974,6/30/2025,75,38,7,Store,5,6497,0.17
100975,2/22/2024,72,10,1,Store,1,3523,0.13
100976,11/23/2024,33,5,10,Online,2,5061,0.29
100977,11/1/2023,74,33,8,Online,1,5350,0.18
100978,9/7/2023,53,31,4,Online,3,5101,0.15
100979,5/24/2023,113,11,7,Store,3,5268,0.08
100980,5/31/2025,4,28,7,Online,1,7040,0.21
100981,3/6/2023,76,28,12,Store,5,6471,0.21
100982,11/6/2023,115,9,10,Online,1,3694,
100983,7/19/2023,14,10,9,Online,3,2147,0.18
100984,7/27/2023,33,10,5,Online,3,5549,0.25
100985,3/1/2024,112,33,6,Online,2,2358,0.24
100986,11/8/2023,12,11,4,Online,4,2773,0.08
100987,4/2/2025,99,23,9,Online,4,2662,0.29
100988,3/18/2026,111,18,10,Store,1,1974,0.14
100989,12/1/2023,82,10,11,Online,2,2661,0.21
100990,8/19/2023,30,7,6,Store,3,1866,0.2
100991,4/22/2024,53,8,8,Online,1,5301,0.1
100992,11/14/2024,28,29,6,Online,2,1015,0.09
100993,2/7/2026,76,38,5,Online,2,3439,0.29
100994,3/9/2023,100,10,9,Online,5,1569,0.23
100995,2/20/2025,107,5,4,Online,1,6382,0.13
100996,1/16/2024,89,19,5,Store,4,6616,0.09
100997,4/30/2025,59,30,11,Store,1,2161,0.28
100998,2/12/2026,50,11,7,Store,3,6383,0.12
100999,2/27/2025,99,20,4,Store,5,2867,0.02
101000,11/10/2024,20,35,7,Store,1,3517,0.17
101001,11/30/2023,91,39,8,Online,1,4840,0.21
101002,10/21/2024,59,12,5,Online,5,4417,0.07
101003,8/20/2023,38,13,3,Store,5,5075,0.02
101004,5/8/2024,79,30,4,Store,4,1469,0.02
101005,4/22/2024,108,26,2,Online,5,5661,0.26
101006,3/14/2026,58,27,3,Online,4,1143,0.17
101007,1/4/2024,88,39,4,Online,2,3856,0.04
101008,5/4/2023,39,14,11,Store,3,1773,0.17
101009,3/30/2026,102,8,7,Store,4,2701,0.19
101010,10/5/2025,20,6,7,Online,2,1077,0.28
101011,10/4/2025,45,19,2,Store,4,4663,0.08
101012,9/9/2024,8,16,12,Online,5,6173,0.28
101013,3/26/2023,8,7,5,Store,4,6597,0.27
101014,4/4/2024,54,12,4,Online,3,5571,0.16
101015,7/5/2023,71,40,4,Store,3,5704,0.29
101016,8/20/2023,48,31,7,Store,4,870,0.11
101017,2/26/2023,113,32,4,Store,3,1549,0.11
101018,6/12/2023,107,27,9,Store,3,6702,0.14
101019,5/16/2024,92,15,3,Store,1,1849,0.18
101020,4/13/2026,26,40,7,Store,3,5357,0.04
101021,2/11/2026,3,28,3,Store,5,4778,0.25
101022,11/29/2023,32,38,3,Online,2,4311,0.2
101023,2/26/2026,105,22,7,Store,3,5352,0.09
101024,5/16/2024,84,35,1,Store,1,1881,0.06
101025,4/6/2025,31,3,7,Online,5,5451,0.11
101026,6/10/2023,18,12,4,Online,1,3668,0.2
101027,9/6/2024,13,4,4,Store,4,7032,0.23
101028,1/11/2023,12,25,3,Store,5,5896,0.18
101029,11/9/2024,101,20,1,Store,4,2815,0.07
101030,12/3/2024,57,32,2,Store,2,5533,0.18
101031,1/1/2025,13,10,11,Online,2,5494,0.04
101032,6/5/2025,83,39,2,Store,5,4647,0.26
101033,10/31/2025,52,39,12,Online,2,5041,0.06
101034,12/20/2023,93,39,12,Online,4,2473,0.06
101035,1/20/2026,15,37,8,Store,1,7028,0.21
101036,7/25/2023,66,17,8,Online,2,5668,0.24
101037,10/9/2023,47,15,9,Online,1,5663,0.15
101038,3/19/2026,108,35,2,Online,2,2044,0.24
101039,5/12/2025,81,31,5,Store,4,7082,0.03
101040,8/15/2025,119,38,5,Store,2,5553,0.21
101041,7/8/2025,91,18,3,Online,2,4586,0.15
101042,9/3/2025,16,39,7,Online,1,1707,0.29
101043,9/19/2023,107,18,4,Store,5,5064,0.1
101044,5/24/2023,25,8,6,Online,5,1289,0.2
101045,8/31/2024,44,6,12,Online,2,1748,0.18
101046,1/5/2026,49,9,1,Store,5,1315,0.22
101047,9/28/2025,113,9,7,Online,5,6558,0.27
101048,5/20/2025,19,24,8,Online,3,1683,0.02
101049,2/17/2023,54,36,5,Store,1,2978,0.27
101050,8/10/2025,82,12,6,Store,5,2397,0.24
101051,7/8/2023,4,5,9,Online,2,3291,0.17
101052,3/22/2025,33,21,4,Store,3,1698,0.1
101053,10/12/2024,67,24,4,Online,5,7286,0.08
101054,11/30/2023,54,38,2,Store,4,3000,0.17
101055,11/27/2024,99,30,2,Online,2,6825,0.29
101056,12/25/2025,115,26,7,Store,3,5542,0.01
101057,10/31/2025,46,36,7,Online,3,5504,0.07
101058,10/31/2025,7,28,8,Online,2,603,0.11
101059,8/4/2025,47,27,6,Store,3,6665,0.24
101060,11/20/2024,52,20,6,Store,2,5934,0.18
101061,10/8/2025,32,22,6,Store,1,4798,0.23
101062,5/22/2024,65,34,3,Store,3,3152,0.05
101063,2/6/2026,17,12,4,Store,4,4147,0.23
101064,9/26/2025,118,14,1,Store,1,6900,0.28
101065,4/16/2023,49,34,12,Online,5,7082,0.1
101066,8/2/2024,58,30,4,Online,1,3518,0.04
101067,12/30/2023,14,35,7,Store,1,4161,0.01
101068,3/15/2023,100,33,11,Store,4,7307,0.28
101069,11/5/2023,103,15,10,Store,2,2915,0.03
101070,5/19/2024,30,11,1,Store,1,5802,0.28
101071,3/3/2025,22,31,8,Store,5,7104,0.11
101072,4/7/2024,21,24,10,Online,2,5548,0.17
101073,11/21/2025,56,29,11,Online,4,5073,0.07
101074,4/3/2024,25,5,3,Online,4,7184,0.21
101075,9/2/2024,28,32,9,Store,1,7046,0.23
101076,8/27/2023,73,13,4,Store,4,3233,0.21
101077,5/17/2025,20,38,3,Online,1,7476,0.21
101078,9/22/2025,71,39,5,Store,2,2726,0.1
101079,2/23/2026,80,36,10,Store,3,7043,0.25
101080,2/25/2023,43,29,2,Online,4,2430,0.18
101081,11/19/2024,27,26,1,Store,3,4304,0.25
101082,9/15/2024,42,25,6,Online,5,5972,0.28
101083,9/5/2025,80,39,12,Store,4,2442,0.19
101084,11/3/2023,110,18,3,Store,5,4127,0.02
101085,10/12/2023,34,15,3,Online,3,994,0.05
101086,5/8/2023,23,8,2,Store,2,4586,0.3
101087,6/30/2025,106,9,9,Online,3,5789,0.12
101088,12/18/2023,51,5,6,Online,2,1688,0.24
101089,5/9/2025,85,22,7,Online,3,1258,0.08
101090,7/2/2025,53,28,6,Store,4,4900,0.05
101091,8/13/2025,68,8,2,Store,1,5659,0.24
101092,6/5/2024,22,25,2,Online,1,2612,0.18
101093,5/11/2023,107,32,12,Online,1,645,0.02
101094,5/12/2024,114,40,12,Online,1,3074,0.23
101095,10/12/2023,113,23,3,Online,5,1045,0.25
101096,12/30/2025,57,12,12,Store,4,5216,0.05
101097,4/17/2026,12,37,12,Store,2,1364,0.23
101098,7/25/2025,6,8,1,Online,1,7498,0.17
101099,8/27/2024,75,9,7,Store,2,3722,0.01
101100,9/12/2024,1,7,2,Online,3,3287,0.15
101101,2/3/2023,30,8,8,Store,5,5863,0.12
101102,4/18/2023,112,5,7,Online,4,6900,0.13
101103,12/27/2024,84,39,9,Store,3,2296,0.21
101104,3/7/2024,1,19,9,Store,3,4123,0.02
101105,10/3/2024,40,26,12,Store,4,5411,0.04
101106,3/21/2025,75,1,1,Store,1,4187,0.09
101107,1/4/2024,59,12,8,Store,3,4782,0.16
101108,10/22/2023,22,19,5,Online,4,1805,0.09
101109,10/14/2023,58,10,12,Store,2,5620,0.17
101110,4/14/2026,74,32,8,Online,4,1203,0.27
101111,2/15/2023,67,14,1,Store,2,1396,0.02
101112,11/13/2025,70,30,4,Online,3,1520,0.26
101113,8/18/2023,49,21,4,Store,4,5344,0.11
101114,5/2/2024,76,19,1,Online,3,3558,0.27
101115,11/10/2023,17,22,5,Store,3,5176,0.01
101116,10/10/2024,15,34,4,Store,3,5910,0.11
101117,12/22/2023,80,1,11,Online,3,1461,0.17
101118,9/17/2024,75,5,7,Store,4,5690,0.17
101119,1/16/2024,107,23,4,Store,1,3321,0.01
101120,12/15/2025,56,16,5,Store,4,745,0.01
101121,1/30/2024,44,38,7,Online,5,1518,0.06
101122,4/19/2026,110,32,9,Store,3,6573,0.18
101123,1/22/2023,30,38,6,Store,1,2519,0.25
101124,3/15/2024,80,18,6,Online,4,5575,0.07
101125,12/16/2025,118,6,10,Store,2,6458,0.25
101126,2/4/2025,21,13,10,Store,2,7315,0.25
101127,3/7/2026,24,21,6,Online,2,5306,0.27
101128,4/23/2025,53,33,12,Store,1,3185,0.11
101129,6/16/2023,38,38,8,Store,4,4954,0.03
101130,3/16/2023,50,34,7,Store,5,2101,0.25
101131,8/30/2024,7,40,11,Store,1,3895,0.02
101132,6/18/2024,114,11,11,Online,2,6375,0.19
101133,9/28/2025,77,15,9,Online,5,2534,0.18
101134,1/10/2026,17,1,2,Online,2,6084,0.22
101135,12/11/2023,38,38,8,Store,1,2657,0.27
101136,4/12/2024,40,7,12,Online,1,5363,0.23
101137,7/7/2024,115,38,11,Online,3,963,0.13
101138,2/3/2025,104,34,9,Store,5,6132,0.15
101139,10/28/2023,2,7,2,Online,2,2796,0.02
101140,4/1/2026,85,30,9,Online,2,5316,0.08
101141,11/30/2025,113,32,3,Online,4,3381,0.16
101142,2/29/2024,80,7,5,Online,5,3252,0.24
101143,7/7/2025,51,4,6,Online,2,1227,0.02
101144,3/4/2026,25,11,10,Online,3,7288,0.2
101145,3/19/2026,95,35,9,Store,2,2710,0.21
101146,2/28/2026,1,8,9,Online,4,2420,0.08
101147,11/13/2025,20,32,8,Online,5,6314,0.06
101148,9/22/2023,106,32,1,Online,5,6718,0.09
101149,9/10/2023,97,5,1,Store,4,1791,0.21
101150,6/25/2024,14,38,1,Online,2,4370,0.24
101151,6/4/2023,97,25,4,Online,3,2522,0.12
101152,7/10/2024,4,23,4,Online,4,1719,0.16
101153,7/3/2024,100,26,2,Store,1,2024,0.2
101154,9/6/2024,11,23,1,Online,5,2936,0.18
101155,2/16/2024,59,22,7,Online,2,6989,0.09
101156,2/15/2023,62,33,6,Online,4,7189,0.1
101157,8/17/2024,18,7,9,Online,3,6982,0.05
101158,1/4/2023,87,16,11,Store,2,6455,0.01
101159,4/12/2024,92,30,3,Store,3,5073,0.25
101160,1/8/2026,13,9,2,Store,5,5657,0.06
101161,5/4/2023,41,28,9,Online,5,7278,0.18
101162,12/24/2025,66,20,5,Online,4,638,0.17
101163,1/24/2026,112,33,2,Store,3,2682,0.05
101164,11/24/2023,60,11,4,Online,3,3429,0.08
101165,1/16/2026,45,15,10,Store,3,2342,0.15
101166,4/13/2026,89,15,9,Store,5,1112,0.01
101167,12/31/2024,6,33,4,Online,2,2243,0.19
101168,1/15/2025,36,12,5,Online,4,5173,0.01
101169,5/11/2025,46,4,7,Online,1,7219,0.12
101170,1/28/2024,56,14,8,Online,5,1182,0.16
101171,11/27/2023,46,6,1,Store,4,7018,0.12
101172,7/28/2024,10,3,5,Online,1,3164,
101173,2/17/2026,106,29,9,Online,4,924,0.26
101174,12/5/2025,4,37,9,Online,3,2410,0.19
101175,11/8/2025,34,2,2,Store,4,6620,0.3
101176,11/5/2023,100,1,2,Store,1,4346,0.26
101177,4/11/2026,76,8,2,Store,1,6118,0.25
101178,3/17/2024,24,7,2,Store,4,2310,0.14
101179,4/7/2023,107,17,1,Online,5,1384,0.21
101180,10/7/2023,69,16,10,Store,1,6166,0.17
101181,11/10/2025,115,32,12,Online,5,5375,0.27
101182,10/9/2023,56,19,9,Online,3,942,0.3
101183,7/15/2023,44,37,6,Online,5,970,0.29
101184,3/22/2025,115,33,2,Online,2,3379,0.24
101185,9/14/2025,68,25,11,Store,3,4208,0.25
101186,7/28/2024,113,3,8,Online,5,6611,0.08
101187,12/3/2023,19,37,9,Store,2,2550,0.01
101188,12/16/2024,59,36,2,Online,2,3209,0.22
101189,2/1/2023,68,28,12,Store,2,7222,0.11
101190,3/17/2025,21,2,11,Online,1,4148,0.27
101191,10/24/2025,106,19,3,Online,1,7030,0.23
101192,9/13/2025,24,11,10,Store,5,6647,0.06
101193,9/9/2023,102,3,3,Online,2,2643,0.27
101194,4/26/2025,82,9,3,Online,3,7358,0.3
101195,2/22/2023,8,3,12,Store,4,5971,0.22
101196,2/21/2026,111,39,6,Online,1,3929,0.07
101197,11/14/2025,17,4,3,Store,3,5473,0.22
101198,10/24/2025,57,8,1,Online,1,4797,0.19
101199,4/24/2025,29,4,10,Online,1,3041,0.2
101200,12/30/2025,95,32,11,Online,1,7225,0.3
101201,10/30/2025,8,35,2,Store,1,2654,0.01
101202,2/7/2026,107,6,10,Store,3,1693,0.13
101203,9/27/2023,104,37,6,Online,2,6596,0.27
101204,6/6/2025,18,36,10,Store,5,7485,
101205,7/23/2025,77,29,12,Store,3,5253,0.26
101206,2/2/2024,80,14,7,Online,2,7131,0.07
101207,12/28/2025,69,31,6,Online,2,4293,0.09
101208,10/27/2023,43,16,2,Online,2,4312,0.25
101209,2/6/2026,102,13,7,Store,1,2611,0.16
101210,7/15/2025,112,34,12,Online,2,1003,0.14
101211,4/10/2024,63,29,6,Store,3,2761,0.23
101212,5/21/2023,11,19,10,Store,2,6447,0.07
101213,6/18/2023,66,32,12,Store,1,6387,0.12
101214,1/19/2024,41,30,7,Online,4,1003,0.09
101215,6/8/2023,61,6,1,Store,1,913,0.02
101216,7/24/2024,68,17,8,Online,1,6440,0.13
101217,2/12/2026,77,13,9,Online,3,1289,0.24
101218,6/18/2025,87,40,10,Online,3,3067,0.2
101219,11/26/2025,80,6,12,Store,2,7230,0.24
101220,9/5/2023,50,36,11,Store,4,4546,0.24
101221,10/22/2024,105,35,10,Online,1,4755,0.14
101222,9/6/2024,21,39,6,Store,1,3133,0.22
101223,6/15/2023,79,6,6,Online,5,2424,0.19
101224,11/21/2025,21,20,8,Store,5,2072,0.2
101225,12/17/2023,62,11,11,Store,4,2983,0.08
101226,6/27/2025,41,31,10,Online,4,4026,0.1
101227,6/19/2025,50,11,5,Store,3,1388,0.22
101228,4/2/2023,118,32,4,Store,4,845,0.23
101229,5/31/2024,101,11,11,Store,3,4718,0.18
101230,10/4/2023,7,36,10,Store,2,6660,0.1
101231,9/7/2023,82,25,9,Online,1,6406,0.22
101232,3/4/2024,91,26,6,Online,2,6078,0.03
101233,1/5/2023,63,19,7,Online,3,5920,0.09
101234,10/20/2025,11,9,9,Store,4,4651,0.15
101235,1/31/2026,68,17,7,Store,5,6207,0.07
101236,2/18/2025,62,31,11,Online,5,4183,0.27
101237,3/22/2025,119,23,9,Online,5,3759,0.01
101238,9/22/2023,60,23,9,Store,2,5324,0.22
101239,5/3/2023,12,28,4,Online,1,2978,0.27
101240,10/14/2023,81,19,8,Online,3,4849,0.11
101241,10/22/2023,84,23,3,Store,2,2044,0.13
101242,12/22/2024,46,2,1,Store,4,3075,0.22
101243,3/24/2023,120,7,9,Store,4,6017,0.07
101244,10/30/2025,97,17,6,Store,3,4961,0.14
101245,12/20/2023,36,27,2,Store,3,2372,0.26
101246,10/25/2023,82,2,2,Store,2,771,0.02
101247,1/15/2023,70,35,6,Online,4,4740,0.14
101248,3/31/2025,44,16,5,Online,1,6009,0.03
101249,10/14/2025,39,33,2,Store,2,5356,0.19
101250,3/23/2024,62,24,7,Store,2,4987,0.18
101251,1/3/2026,68,4,10,Store,2,6526,0.16
101252,1/29/2023,28,12,5,Online,4,3845,0.19
101253,5/25/2024,79,18,4,Online,3,2550,0.14
101254,7/17/2023,57,1,10,Online,4,3913,0.03
101255,1/17/2024,5,28,10,Online,4,1958,0.22
101256,6/14/2023,52,29,11,Store,3,2281,0.23
101257,12/31/2023,35,7,12,Online,4,2567,0.24
101258,5/10/2025,44,36,5,Store,2,3180,0.05
101259,4/8/2023,75,39,5,Store,1,3180,0.15
101260,1/24/2026,85,32,1,Store,1,2899,0.24
101261,2/11/2026,14,18,8,Online,3,7476,0.17
101262,6/18/2025,51,36,11,Store,4,2792,0.13
101263,9/3/2023,12,3,5,Store,5,3149,0.25
101264,1/3/2024,117,11,9,Store,1,4338,0.21
101265,11/11/2025,86,36,12,Online,4,4100,0.14
101266,7/26/2025,2,13,12,Online,4,5126,
101267,8/27/2024,78,4,10,Online,3,3812,0.27
101268,8/2/2024,60,29,11,Online,1,4070,0.02
101269,4/14/2024,84,11,9,Store,5,2936,0.27
101270,3/4/2026,43,31,8,Store,2,1492,0.14
101271,12/21/2025,15,13,12,Online,2,716,0.12
101272,8/18/2024,97,8,1,Online,2,3373,0.02
101273,5/11/2023,58,16,8,Online,3,3405,0.21
101274,2/26/2026,110,23,6,Store,4,7330,0.22
101275,4/2/2023,58,16,7,Online,1,7474,0.28
101276,4/12/2024,27,17,11,Store,2,752,0.08
101277,6/2/2024,26,5,8,Online,1,1118,0.07
101278,2/15/2025,23,25,5,Store,4,6678,0.11
101279,11/18/2023,10,17,8,Store,1,695,0.1
101280,7/5/2025,33,28,8,Online,5,5537,0.18
101281,8/4/2023,56,31,5,Online,4,622,0.02
101282,4/8/2024,13,13,3,Online,5,2438,0.01
101283,1/30/2023,97,8,10,Store,5,6332,0.17
101284,4/15/2025,75,16,6,Store,3,4848,0.05
101285,7/12/2024,64,13,11,Online,5,3213,0.15
101286,11/16/2024,68,18,1,Store,3,899,0.24
101287,6/26/2023,30,31,1,Store,3,3228,0.16
101288,6/7/2023,14,27,4,Online,4,4927,0.28
101289,6/24/2023,42,35,5,Store,2,2744,0.07
101290,1/18/2024,90,15,9,Store,2,1848,0.21
101291,4/8/2026,58,25,3,Online,1,6470,0.06
101292,7/4/2023,88,4,8,Store,5,3211,0.04
101293,1/14/2026,36,18,6,Store,5,5438,0.13
101294,3/1/2023,55,17,3,Store,2,727,0.1
101295,9/25/2025,40,25,3,Online,5,4802,0.14
101296,2/24/2023,105,14,3,Online,4,4817,0.24
101297,1/4/2026,117,31,7,Store,5,6316,0.22
101298,6/6/2024,67,3,8,Online,5,6422,0.12
101299,11/2/2024,92,1,9,Store,3,4457,0.08
101300,9/18/2023,116,3,12,Store,1,4530,0.1
101301,3/19/2023,95,1,7,Store,5,2650,0.05
101302,5/16/2024,53,11,5,Store,3,5630,0.25
101303,4/13/2026,28,21,4,Online,5,5984,0.2
101304,8/26/2023,81,2,2,Store,4,630,0.08
101305,10/9/2023,101,30,2,Online,3,5717,0.24
101306,11/12/2023,32,23,1,Online,4,5328,0.14
101307,2/22/2024,38,21,8,Online,5,3539,0.21
101308,4/29/2025,51,13,7,Online,5,4939,0.03
101309,2/10/2023,38,3,12,Store,4,4661,0.07
101310,12/30/2023,40,9,5,Online,5,944,0.1
101311,5/10/2023,110,37,11,Store,1,1879,0.06
101312,3/3/2023,53,39,11,Online,5,7218,0.14
101313,4/8/2025,45,27,10,Store,4,4870,0.1
101314,12/25/2025,116,33,7,Store,4,1160,0.21
101315,2/22/2026,78,1,5,Online,1,5076,0.22
101316,10/12/2023,108,5,12,Store,5,7390,0.26
101317,11/20/2023,12,29,8,Store,1,2265,0.01
101318,9/22/2025,8,8,8,Store,1,1411,0.04
101319,7/8/2025,17,28,7,Store,1,4781,0.29
101320,7/7/2024,117,18,4,Store,1,5536,0.29
101321,2/14/2023,71,12,11,Store,1,3120,0.01
101322,2/18/2023,30,30,4,Online,1,7185,0.3
101323,4/12/2023,13,30,6,Store,1,5024,0.19
101324,3/8/2024,9,18,11,Online,3,7437,0.07
101325,1/3/2024,7,32,9,Online,2,2406,0.15
101326,3/7/2023,51,13,3,Store,3,4941,0.22
101327,10/9/2024,8,11,8,Store,5,6949,0.19
101328,2/26/2025,37,2,12,Online,2,5686,0.12
101329,7/2/2023,78,40,5,Store,3,2334,0.27
101330,11/28/2024,6,3,11,Store,2,2060,0.2
101331,10/30/2025,95,16,1,Store,4,7373,
101332,4/12/2024,60,39,11,Online,4,4101,0.01
101333,6/23/2025,2,28,10,Store,2,4034,0.06
101334,4/9/2024,117,6,2,Store,4,6923,0.2
101335,11/5/2023,67,13,7,Online,5,5408,0.2
101336,3/13/2024,95,35,4,Online,3,800,0.1
101337,2/22/2023,33,31,2,Store,3,6293,0.2
101338,6/24/2025,64,29,12,Online,5,3869,0.02
101339,10/16/2024,120,20,10,Store,3,1683,0.08
101340,10/2/2023,39,2,12,Store,4,6908,0.04
101341,7/9/2023,70,25,11,Online,2,4157,0.19
101342,6/27/2023,62,31,10,Store,3,4637,0.16
101343,2/26/2024,87,25,3,Store,3,6554,0.18
101344,4/16/2024,86,27,6,Online,5,1535,0.01
101345,11/22/2025,15,18,10,Store,3,722,0.14
101346,4/25/2024,94,19,6,Online,2,6578,0.24
101347,1/8/2023,75,1,3,Online,5,2023,0.17
101348,2/13/2023,28,7,6,Store,5,6709,0.22
101349,11/19/2025,24,5,3,Online,2,6279,0.09
101350,10/1/2024,115,25,9,Online,5,4638,0.24
101351,8/9/2024,113,4,10,Online,5,3467,0.15
101352,1/24/2025,117,32,10,Store,1,1807,0.12
101353,1/25/2025,118,16,3,Store,4,2532,0.19
101354,8/10/2025,5,7,10,Store,5,1165,0.08
101355,7/5/2024,63,7,4,Store,2,3585,0.07
101356,9/12/2023,58,5,6,Store,3,4393,0.04
101357,1/20/2023,64,7,2,Store,1,4876,0.19
101358,3/9/2026,47,6,7,Store,5,6277,0.08
101359,7/30/2024,49,31,3,Store,1,1113,0.18
101360,9/24/2025,3,29,12,Online,5,2900,0.08
101361,4/23/2024,35,20,6,Store,1,7065,0.25
101362,4/4/2024,9,40,1,Store,1,6332,0.03
101363,11/22/2025,31,5,5,Online,4,5038,0.06
101364,8/18/2024,62,20,2,Online,2,2081,0.28
101365,9/1/2024,106,5,10,Online,3,1582,0.21
101366,7/27/2024,119,22,1,Store,2,1696,0.27
101367,6/2/2024,111,30,12,Online,4,1717,0.03
101368,1/18/2024,89,6,3,Store,5,4859,0.02
101369,7/31/2023,17,30,8,Online,1,4606,0.03
101370,6/27/2023,19,34,1,Online,4,2239,0.25
101371,6/4/2023,62,39,7,Store,2,4297,0.29
101372,8/14/2024,40,3,8,Online,1,3141,0.09
101373,6/6/2024,111,27,6,Store,4,3765,0.16
101374,1/21/2024,112,5,6,Online,2,6402,0.23
101375,12/6/2025,3,36,10,Online,4,3765,0.01
101376,5/5/2024,115,39,9,Store,4,7497,0.06
101377,12/23/2024,76,15,4,Online,3,4006,0.08
101378,7/17/2024,4,5,10,Store,5,5735,0.2
101379,8/12/2025,9,10,7,Store,4,5410,0.22
101380,4/7/2026,47,32,9,Store,5,7238,0.13
101381,2/9/2023,27,13,7,Store,1,6632,0.2
101382,4/28/2023,52,22,1,Store,2,5182,0.2
101383,9/7/2023,65,18,2,Store,4,5687,0.03
101384,11/10/2025,116,35,11,Online,4,6637,0.17
101385,11/22/2025,119,18,1,Store,4,4714,0.23
101386,12/20/2023,120,33,2,Online,4,5978,0.04
101387,8/9/2023,24,21,5,Store,1,3666,0.26
101388,9/22/2025,42,36,4,Store,1,4106,0.2
101389,10/8/2024,77,20,1,Online,1,6210,0.07
101390,12/24/2025,57,28,8,Store,1,3949,0.19
101391,1/24/2025,11,24,3,Store,5,2452,0.2
101392,2/17/2025,103,22,3,Store,5,6536,0.09
101393,10/6/2024,98,17,12,Online,5,5718,0.22
101394,11/2/2025,104,17,9,Online,5,2483,0.23
101395,1/29/2026,75,33,4,Online,1,5829,0.29
101396,9/26/2025,16,12,9,Store,1,6635,0.23
101397,5/13/2023,91,40,6,Online,4,5348,0.16
101398,12/20/2023,66,22,7,Store,5,6866,0.15
101399,1/11/2026,80,22,1,Online,3,5195,0.07
101400,12/31/2023,81,17,1,Store,5,6615,0.2
101401,1/23/2023,62,37,11,Online,2,2105,0.05
101402,10/1/2024,95,39,7,Store,1,5834,0.1
101403,9/13/2024,61,16,4,Online,5,2086,0.05
101404,9/25/2025,117,37,6,Online,2,6408,0.18
101405,6/9/2023,112,15,2,Store,3,6367,0.04
101406,12/24/2025,14,22,5,Online,1,6020,0.25
101407,3/28/2023,109,29,8,Online,2,2774,0.25
101408,9/16/2025,58,16,2,Store,2,2480,0.26
101409,11/12/2024,119,1,1,Store,2,5745,0.25
101410,9/22/2024,59,35,11,Online,4,4314,0.09
101411,3/8/2026,118,40,10,Online,5,2831,0.27
101412,3/23/2026,117,10,6,Store,5,3241,0.22
101413,6/25/2025,99,36,12,Store,5,1099,0.22
101414,7/29/2023,99,4,11,Online,1,2651,0.2
101415,7/24/2023,98,12,11,Store,4,4594,0.06
101416,3/11/2026,104,5,4,Store,2,971,0.12
101417,6/23/2023,107,35,5,Online,1,2808,0.11
101418,1/5/2023,95,33,11,Store,5,5525,0.09
101419,2/16/2025,115,4,9,Store,4,3868,0.29
101420,4/4/2026,28,36,6,Store,4,4678,0.12
101421,2/20/2025,35,33,12,Store,2,5978,0.22
101422,10/16/2023,73,19,9,Online,5,3768,0.09
101423,3/22/2026,114,35,12,Store,3,4025,0.2
101424,5/3/2025,70,40,8,Store,2,2653,0.12
101425,7/30/2025,118,1,3,Store,2,2333,0.21
101426,8/21/2023,17,7,5,Store,1,4279,0.03
101427,10/19/2025,3,40,5,Online,2,5992,0.12
101428,6/18/2025,75,33,3,Store,3,3619,0.08
101429,12/4/2023,101,19,1,Store,2,647,0.04
101430,8/28/2024,116,12,3,Online,1,7249,0.19
101431,9/24/2023,17,14,8,Store,4,3634,0.12
101432,5/20/2025,97,6,2,Online,1,6581,0.19
101433,2/16/2023,19,14,7,Store,2,5355,0.27
101434,12/17/2025,2,31,2,Online,4,7088,0.23
101435,5/18/2024,36,33,11,Store,5,2475,0.05
101436,5/7/2025,80,14,1,Online,4,1185,0.23
101437,5/19/2024,83,17,9,Store,5,1543,0.27
101438,1/12/2024,78,18,4,Store,5,1853,0.25
101439,3/15/2026,81,25,8,Store,4,4025,0.26
101440,9/30/2023,96,22,10,Store,3,3908,0.28
101441,4/24/2025,27,4,5,Online,4,4857,0.03
101442,4/26/2024,41,1,1,Online,4,5494,0.22
101443,1/14/2023,105,35,12,Online,1,5247,0.06
101444,9/9/2025,54,36,11,Online,1,2474,0.19
101445,5/27/2025,51,7,5,Store,4,2740,0.26
101446,12/25/2025,16,32,8,Store,2,3692,0.02
101447,10/16/2025,75,3,4,Store,2,6249,0.22
101448,6/10/2025,47,25,10,Online,5,2159,0.14
101449,5/30/2024,10,18,11,Store,2,1486,0.08
101450,2/1/2024,94,27,12,Online,4,5067,0.29
101451,1/15/2023,42,6,11,Online,2,6370,0.09
101452,5/21/2024,82,7,10,Store,3,5379,0.08
101453,4/18/2024,75,2,8,Store,5,4707,0.23
101454,6/9/2024,89,30,2,Store,3,7029,0.12
101455,5/9/2023,110,10,9,Online,4,4826,0.23
101456,12/15/2023,1,30,12,Store,5,6204,0.14
101457,1/25/2025,28,20,2,Online,5,7391,0.11
101458,1/15/2026,53,37,8,Online,3,6609,0.01
101459,2/5/2026,103,20,1,Online,1,6139,0.13
101460,1/14/2026,74,16,1,Online,2,1552,0.04
101461,1/11/2023,111,36,12,Store,4,7429,0.23
101462,1/28/2023,83,38,3,Store,4,2086,0.27
101463,11/18/2023,36,8,1,Store,3,1385,0.22
101464,4/24/2023,109,17,8,Store,4,1482,0.02
101465,4/3/2025,49,22,10,Store,2,4140,0.15
101466,6/14/2023,47,29,5,Store,4,1245,0.14
101467,10/15/2023,51,34,6,Store,2,4945,0.04
101468,3/4/2025,57,27,12,Online,4,5643,0.21
101469,12/13/2024,68,40,5,Store,1,6189,0.28
101470,5/20/2023,25,14,9,Store,4,2407,0.09
101471,4/25/2023,84,40,12,Online,5,4987,0.17
101472,3/6/2023,5,8,6,Store,2,3008,0.01
101473,2/11/2023,71,31,6,Online,1,5529,0.02
101474,1/20/2024,73,39,3,Store,3,5869,0.01
101475,7/22/2023,36,16,10,Online,3,5236,0.28
101476,8/4/2025,18,34,6,Online,1,3003,0.13
101477,3/23/2025,54,36,11,Online,5,6292,0.1
101478,4/19/2023,89,38,9,Store,1,6504,0.08
101479,1/27/2024,37,30,4,Store,3,4150,0.05
101480,8/11/2023,92,1,2,Online,4,659,0.04
101481,3/27/2026,14,3,4,Store,4,4146,0.16
101482,9/27/2024,86,4,8,Online,4,6136,0.05
101483,11/30/2023,40,40,4,Online,3,3403,0.14
101484,1/4/2023,85,25,3,Online,5,3029,0.01
101485,9/22/2024,100,32,9,Online,4,3291,0.28
101486,6/28/2024,106,18,7,Store,4,3073,0.23
101487,3/4/2024,43,22,2,Online,4,5520,0.17
101488,8/16/2024,67,20,11,Store,4,6995,0.19
101489,3/23/2026,118,7,5,Store,2,2751,0.29
101490,2/9/2025,53,30,7,Online,4,6292,0.15
101491,5/24/2025,8,15,2,Online,3,654,0.22
101492,8/5/2025,94,14,4,Store,3,5500,0.27
101493,6/12/2024,90,11,11,Online,5,6350,0.03
101494,1/24/2023,43,28,2,Store,1,5270,0.14
101495,11/14/2023,27,16,5,Store,3,1329,0.28
101496,4/23/2023,33,29,9,Store,2,5141,0.23
101497,3/17/2025,62,29,6,Store,2,3473,0.16
101498,2/16/2024,56,28,11,Online,2,664,0.14
101499,10/23/2024,110,15,2,Store,3,2821,0.15
